<?xml version="1.0"?>
<QueryResult>
<Node name="192.168.7.102">
<TokenID>1552156557345</TokenID>
<ServiceList>
<ServiceName name="Cisco Trust Verification Service">
</ServiceName>
<ServiceName name="Event Viewer-System Log">
<FileType  name="syslog">
<FileName name="/var/log/active/syslog/messages" modifiedDate="Sat Mar 09 13:33:36 EST 2019" size="751107"></FileName>
</FileType>
</ServiceName>
<ServiceName name="Cisco Extension Mobility">
<FileType  name="log4j">
<FileName name="/var/log/active/tomcat/logs/em/log4j/emservice00003.log" modifiedDate="Sat Mar 09 13:32:48 EST 2019" size="35633"></FileName>
</FileType>
</ServiceName>
<ServiceName name="Event Viewer-Application Log">
</ServiceName>
<ServiceName name="Cisco CallManager">
<FileType  name="sdl">
<FileName name="/var/log/active/cm/trace/ccm/sdl/SDL003_100_000003.txt.gzo" modifiedDate="Sat Mar 09 13:35:57 EST 2019" size="182890"></FileName>
</FileType>
</ServiceName>
<ServiceName name="Cisco Extension Mobility Application">
<FileType  name="log4j">
<FileName name="/var/log/active/tomcat/logs/em/log4j/emapp00008.log" modifiedDate="Sat Mar 09 13:32:28 EST 2019" size="4536"></FileName>
</FileType>
</ServiceName>
<ServiceName name="Cisco Tftp">
<FileType  name="sdl">
<FileName name="/var/log/active/cm/trace/ctftp/sdl/SDL003_600_000003.txt" modifiedDate="Sat Mar 09 13:32:28 EST 2019" size="2953"></FileName>
</FileType>
</ServiceName>
<ServiceName name="Packet Capture Logs">
<FileType  name="cli">
<FileName name="/var/log/active/platform/cli/visiting_sub2.cap" modifiedDate="Sat Mar 09 13:33:36 EST 2019" size="1279851"></FileName>
</FileType>
</ServiceName>
</ServiceList>
</Node>
</QueryResult>
