<?xml version="1.0"?>
<QueryResult>
<Node name="192.168.7.103">
<TokenID>1552231296624</TokenID>
<ServiceList>
<ServiceName name="Cisco Trust Verification Service">
</ServiceName>
<ServiceName name="Event Viewer-System Log">
<FileType  name="syslog">
<FileName name="/var/log/active/syslog/messages" modifiedDate="Sun Mar 10 11:18:22 EDT 2019" size="5068325"></FileName>
</FileType>
</ServiceName>
<ServiceName name="Event Viewer-Application Log">
<FileType  name="syslog">
<FileName name="/var/log/active/syslog/CiscoSyslog" modifiedDate="Sun Mar 10 11:15:26 EDT 2019" size="845273"></FileName>
</FileType>
</ServiceName>
<ServiceName name="Cisco CallManager Cisco IP Phone Services">
</ServiceName>
<ServiceName name="Cisco Extension Mobility">
<FileType  name="log4j">
<FileName name="/var/log/active/tomcat/logs/em/log4j/emservice00005.log" modifiedDate="Sun Mar 10 11:20:48 EDT 2019" size="70376"></FileName>
</FileType>
</ServiceName>
<ServiceName name="Cisco Extension Mobility Application">
<FileType  name="log4j">
<FileName name="/var/log/active/tomcat/logs/em/log4j/emapp00005.log" modifiedDate="Sun Mar 10 11:17:09 EDT 2019" size="30566"></FileName>
</FileType>
</ServiceName>
<ServiceName name="Cisco CallManager">
<FileType  name="sdl">
<FileName name="/var/log/active/cm/trace/ccm/sdl/SDL004_100_000005.txt.gzo" modifiedDate="Sun Mar 10 11:21:31 EDT 2019" size="167066"></FileName>
</FileType>
</ServiceName>
<ServiceName name="Cisco Tftp">
<FileType  name="sdl">
<FileName name="/var/log/active/cm/trace/ctftp/sdl/SDL004_600_000006.txt" modifiedDate="Sun Mar 10 11:21:24 EDT 2019" size="146179"></FileName>
</FileType>
</ServiceName>
<ServiceName name="Packet Capture Logs">
<FileType  name="cli">
<FileName name="/var/log/active/platform/cli/emcc_login.cap" modifiedDate="Sun Mar 10 11:18:22 EDT 2019" size="2720596"></FileName>
</FileType>
</ServiceName>
</ServiceList>
</Node>
</QueryResult>
