<?xml version="1.0"?>
<QueryResult>
<Node name="192.168.7.101">
<TokenID>1552231296585</TokenID>
<ServiceList>
<ServiceName name="Cisco Trust Verification Service">
</ServiceName>
<ServiceName name="Event Viewer-System Log">
<FileType  name="syslog">
<FileName name="/var/log/active/syslog/messages" modifiedDate="Sun Mar 10 11:18:20 EDT 2019" size="2431384"></FileName>
</FileType>
</ServiceName>
<ServiceName name="Event Viewer-Application Log">
<FileType  name="syslog">
<FileName name="/var/log/active/syslog/CiscoSyslog" modifiedDate="Sun Mar 10 11:14:22 EDT 2019" size="1576889"></FileName>
</FileType>
</ServiceName>
<ServiceName name="Cisco CallManager Cisco IP Phone Services">
</ServiceName>
<ServiceName name="Cisco Extension Mobility">
<FileType  name="log4j">
<FileName name="/var/log/active/tomcat/logs/em/log4j/emservice00004.log" modifiedDate="Sun Mar 10 11:20:48 EDT 2019" size="72707"></FileName>
</FileType>
</ServiceName>
<ServiceName name="Cisco Extension Mobility Application">
<FileType  name="log4j">
<FileName name="/var/log/active/tomcat/logs/em/log4j/emapp00009.log" modifiedDate="Sun Mar 10 11:17:09 EDT 2019" size="35077"></FileName>
</FileType>
</ServiceName>
<ServiceName name="Cisco CallManager">
<FileType  name="sdl">
<FileName name="/var/log/active/cm/trace/ccm/sdl/SDL002_100_000004.txt.gzo" modifiedDate="Sun Mar 10 11:21:32 EDT 2019" size="152423"></FileName>
</FileType>
</ServiceName>
<ServiceName name="Cisco Tftp">
<FileType  name="sdl">
<FileName name="/var/log/active/cm/trace/ctftp/sdl/SDL002_600_000004.txt" modifiedDate="Sun Mar 10 11:21:36 EDT 2019" size="243813"></FileName>
</FileType>
</ServiceName>
<ServiceName name="Packet Capture Logs">
<FileType  name="cli">
<FileName name="/var/log/active/platform/cli/emcc_login.cap" modifiedDate="Sun Mar 10 11:18:20 EDT 2019" size="2485999"></FileName>
</FileType>
</ServiceName>
</ServiceList>
</Node>
</QueryResult>
