<?xml version="1.0"?>
<QueryResult>
<Node name="192.168.7.100">
<TokenID>1552156557193</TokenID>
<ServiceList>
<ServiceName name="Cisco Trust Verification Service">
<FileType  name="sdi">
<FileName name="/var/log/active/cm/trace/tvs/sdi/tvs00000012.txt" modifiedDate="Sat Mar 09 13:32:40 EST 2019" size="5075"></FileName>
</FileType>
</ServiceName>
<ServiceName name="Event Viewer-System Log">
<FileType  name="syslog">
<FileName name="/var/log/active/syslog/messages" modifiedDate="Sat Mar 09 13:33:40 EST 2019" size="3987248"></FileName>
</FileType>
</ServiceName>
<ServiceName name="Cisco Extension Mobility">
<FileType  name="log4j">
<FileName name="/var/log/active/tomcat/logs/em/log4j/emservice00011.log" modifiedDate="Sat Mar 09 13:32:48 EST 2019" size="49781"></FileName>
</FileType>
</ServiceName>
<ServiceName name="Event Viewer-Application Log">
<FileType  name="syslog">
<FileName name="/var/log/active/syslog/CiscoSyslog" modifiedDate="Sat Mar 09 13:32:43 EST 2019" size="3689110"></FileName>
<FileName name="/var/log/active/syslog/AlternateSyslog" modifiedDate="Sat Mar 09 13:32:33 EST 2019" size="59820"></FileName>
</FileType>
</ServiceName>
<ServiceName name="Cisco CallManager">
<FileType  name="sdl">
<FileName name="/var/log/active/cm/trace/ccm/sdl/SDL001_100_000104.txt.gzo" modifiedDate="Sat Mar 09 13:35:56 EST 2019" size="341885"></FileName>
</FileType>
</ServiceName>
<ServiceName name="Cisco Extension Mobility Application">
<FileType  name="log4j">
<FileName name="/var/log/active/tomcat/logs/em/log4j/emapp00010.log" modifiedDate="Sat Mar 09 13:35:33 EST 2019" size="31130"></FileName>
</FileType>
</ServiceName>
<ServiceName name="Cisco Tftp">
<FileType  name="sdl">
<FileName name="/var/log/active/cm/trace/ctftp/sdl/SDL001_600_000017.txt" modifiedDate="Sat Mar 09 13:32:34 EST 2019" size="5714"></FileName>
</FileType>
</ServiceName>
<ServiceName name="Packet Capture Logs">
<FileType  name="cli">
<FileName name="/var/log/active/platform/cli/visiting_publisher.cap" modifiedDate="Sat Mar 09 13:33:40 EST 2019" size="4488204"></FileName>
</FileType>
</ServiceName>
</ServiceList>
</Node>
</QueryResult>
