<?xml version="1.0"?>
<QueryResult>
<Node name="192.168.7.100">
<TokenID>1552231296536</TokenID>
<ServiceList>
<ServiceName name="Cisco Trust Verification Service">
<FileType  name="sdi">
<FileName name="/var/log/active/cm/trace/tvs/sdi/tvs00000013.txt" modifiedDate="Sun Mar 10 11:15:50 EDT 2019" size="16596"></FileName>
</FileType>
</ServiceName>
<ServiceName name="Event Viewer-System Log">
<FileType  name="syslog">
<FileName name="/var/log/active/syslog/messages" modifiedDate="Sun Mar 10 11:18:19 EDT 2019" size="4100881"></FileName>
</FileType>
</ServiceName>
<ServiceName name="Event Viewer-Application Log">
<FileType  name="syslog">
<FileName name="/var/log/active/syslog/CiscoSyslog" modifiedDate="Sun Mar 10 11:17:39 EDT 2019" size="3870155"></FileName>
<FileName name="/var/log/active/syslog/AlternateSyslog" modifiedDate="Sun Mar 10 11:17:39 EDT 2019" size="77622"></FileName>
</FileType>
</ServiceName>
<ServiceName name="Cisco CallManager Cisco IP Phone Services">
</ServiceName>
<ServiceName name="Cisco Extension Mobility">
<FileType  name="log4j">
<FileName name="/var/log/active/tomcat/logs/em/log4j/emservice00012.log" modifiedDate="Sun Mar 10 11:20:48 EDT 2019" size="147799"></FileName>
</FileType>
</ServiceName>
<ServiceName name="Cisco Extension Mobility Application">
<FileType  name="log4j">
<FileName name="/var/log/active/tomcat/logs/em/log4j/emapp00011.log" modifiedDate="Sun Mar 10 11:17:09 EDT 2019" size="52086"></FileName>
</FileType>
</ServiceName>
<ServiceName name="Cisco CallManager">
<FileType  name="sdl">
<FileName name="/var/log/active/cm/trace/ccm/sdl/SDL001_100_000105.txt.gzo" modifiedDate="Sun Mar 10 11:21:35 EDT 2019" size="364227"></FileName>
</FileType>
</ServiceName>
<ServiceName name="Cisco Tftp">
<FileType  name="sdl">
<FileName name="/var/log/active/cm/trace/ctftp/sdl/SDL001_600_000018.txt" modifiedDate="Sun Mar 10 11:21:24 EDT 2019" size="496982"></FileName>
</FileType>
</ServiceName>
<ServiceName name="Packet Capture Logs">
<FileType  name="cli">
<FileName name="/var/log/active/platform/cli/emcc_login.cap" modifiedDate="Sun Mar 10 11:18:19 EDT 2019" size="6906954"></FileName>
</FileType>
</ServiceName>
</ServiceList>
</Node>
</QueryResult>
