<?xml version="1.0"?>
<QueryResult>
<Node name="192.168.7.103">
<TokenID>1552156557255</TokenID>
<ServiceList>
<ServiceName name="Cisco Trust Verification Service">
</ServiceName>
<ServiceName name="Event Viewer-System Log">
<FileType  name="syslog">
<FileName name="/var/log/active/syslog/messages" modifiedDate="Sat Mar 09 13:33:35 EST 2019" size="4952734"></FileName>
</FileType>
</ServiceName>
<ServiceName name="Cisco Extension Mobility">
<FileType  name="log4j">
<FileName name="/var/log/active/tomcat/logs/em/log4j/emservice00004.log" modifiedDate="Sat Mar 09 13:32:48 EST 2019" size="51587"></FileName>
</FileType>
</ServiceName>
<ServiceName name="Event Viewer-Application Log">
</ServiceName>
<ServiceName name="Cisco CallManager">
<FileType  name="sdl">
<FileName name="/var/log/active/cm/trace/ccm/sdl/SDL004_100_000004.txt.gzo" modifiedDate="Sat Mar 09 13:35:55 EST 2019" size="179733"></FileName>
</FileType>
</ServiceName>
<ServiceName name="Cisco Extension Mobility Application">
<FileType  name="log4j">
<FileName name="/var/log/active/tomcat/logs/em/log4j/emapp00004.log" modifiedDate="Sat Mar 09 13:32:28 EST 2019" size="19531"></FileName>
</FileType>
</ServiceName>
<ServiceName name="Cisco Tftp">
<FileType  name="sdl">
<FileName name="/var/log/active/cm/trace/ctftp/sdl/SDL004_600_000005.txt" modifiedDate="Sat Mar 09 13:32:28 EST 2019" size="2813"></FileName>
</FileType>
</ServiceName>
<ServiceName name="Packet Capture Logs">
<FileType  name="cli">
<FileName name="/var/log/active/platform/cli/visiting_sub3.cap" modifiedDate="Sat Mar 09 13:33:35 EST 2019" size="1260519"></FileName>
</FileType>
</ServiceName>
</ServiceList>
</Node>
</QueryResult>
