<?xml version="1.0"?>
<QueryResult>
<Node name="192.168.7.200">
<TokenID>1552231190546</TokenID>
<ServiceList>
<ServiceName name="Cisco Trust Verification Service">
<FileType  name="sdi">
<FileName name="/var/log/active/cm/trace/tvs/sdi/tvs00000007.txt" modifiedDate="Sun Mar 10 11:17:17 EDT 2019" size="5180"></FileName>
</FileType>
</ServiceName>
<ServiceName name="Event Viewer-System Log">
<FileType  name="syslog">
<FileName name="/var/log/active/syslog/messages" modifiedDate="Sun Mar 10 11:18:23 EDT 2019" size="3464374"></FileName>
</FileType>
</ServiceName>
<ServiceName name="Event Viewer-Application Log">
<FileType  name="syslog">
<FileName name="/var/log/active/syslog/CiscoSyslog" modifiedDate="Sun Mar 10 11:17:19 EDT 2019" size="1371360"></FileName>
<FileName name="/var/log/active/syslog/AlternateSyslog" modifiedDate="Sun Mar 10 11:17:14 EDT 2019" size="96450"></FileName>
</FileType>
</ServiceName>
<ServiceName name="Cisco CallManager Cisco IP Phone Services">
</ServiceName>
<ServiceName name="Cisco Extension Mobility">
<FileType  name="log4j">
<FileName name="/var/log/active/tomcat/logs/em/log4j/emservice00005.log" modifiedDate="Sun Mar 10 11:17:09 EDT 2019" size="73835"></FileName>
</FileType>
</ServiceName>
<ServiceName name="Cisco Extension Mobility Application">
<FileType  name="log4j">
<FileName name="/var/log/active/tomcat/logs/em/log4j/emapp00005.log" modifiedDate="Sun Mar 10 11:17:09 EDT 2019" size="34814"></FileName>
</FileType>
</ServiceName>
<ServiceName name="Cisco CallManager">
<FileType  name="sdl">
<FileName name="/var/log/active/cm/trace/ccm/sdl/SDL001_100_000027.txt.gzo" modifiedDate="Sun Mar 10 11:19:50 EDT 2019" size="221192"></FileName>
</FileType>
</ServiceName>
<ServiceName name="Cisco Tftp">
<FileType  name="sdl">
<FileName name="/var/log/active/cm/trace/ctftp/sdl/SDL001_600_000010.txt" modifiedDate="Sun Mar 10 11:19:41 EDT 2019" size="815971"></FileName>
</FileType>
</ServiceName>
<ServiceName name="Packet Capture Logs">
<FileType  name="cli">
<FileName name="/var/log/active/platform/cli/emcc_login.cap" modifiedDate="Sun Mar 10 11:18:23 EDT 2019" size="1064924"></FileName>
</FileType>
</ServiceName>
</ServiceList>
</Node>
</QueryResult>
