<?xml version="1.0"?>
<QueryResult>
<Node name="192.168.7.200">
<TokenID>1552156696723</TokenID>
<ServiceList>
<ServiceName name="Cisco Trust Verification Service">
</ServiceName>
<ServiceName name="Event Viewer-System Log">
<FileType  name="syslog">
<FileName name="/var/log/active/syslog/messages" modifiedDate="Sat Mar 09 13:33:39 EST 2019" size="3361825"></FileName>
</FileType>
</ServiceName>
<ServiceName name="Cisco Extension Mobility">
<FileType  name="log4j">
<FileName name="/var/log/active/tomcat/logs/em/log4j/emservice00004.log" modifiedDate="Sat Mar 09 13:32:28 EST 2019" size="32664"></FileName>
</FileType>
</ServiceName>
<ServiceName name="Event Viewer-Application Log">
<FileType  name="syslog">
<FileName name="/var/log/active/syslog/CiscoSyslog" modifiedDate="Sat Mar 09 13:32:46 EST 2019" size="1105045"></FileName>
<FileName name="/var/log/active/syslog/AlternateSyslog" modifiedDate="Sat Mar 09 13:32:46 EST 2019" size="80358"></FileName>
</FileType>
</ServiceName>
<ServiceName name="Cisco CallManager">
<FileType  name="sdl">
<FileName name="/var/log/active/cm/trace/ccm/sdl/SDL001_100_000026.txt.gzo" modifiedDate="Sat Mar 09 13:39:03 EST 2019" size="233356"></FileName>
</FileType>
</ServiceName>
<ServiceName name="Cisco Extension Mobility Application">
<FileType  name="log4j">
<FileName name="/var/log/active/tomcat/logs/em/log4j/emapp00004.log" modifiedDate="Sat Mar 09 13:32:28 EST 2019" size="3639"></FileName>
</FileType>
</ServiceName>
<ServiceName name="Cisco Tftp">
<FileType  name="sdl">
<FileName name="/var/log/active/cm/trace/ctftp/sdl/SDL001_600_000009.txt" modifiedDate="Sat Mar 09 13:32:42 EST 2019" size="15836"></FileName>
</FileType>
</ServiceName>
<ServiceName name="Packet Capture Logs">
<FileType  name="cli">
<FileName name="/var/log/active/platform/cli/home_publisher.cap" modifiedDate="Sat Mar 09 13:33:39 EST 2019" size="152584"></FileName>
</FileType>
</ServiceName>
</ServiceList>
</Node>
</QueryResult>
